mcc,mnc,lac,cellid,lat,lon,signal,measured_at,rating,speed,direction,act,ta,psc,tac,pci,sid,nid,bid
740,2,20700,11381762,-1.2332632,-78.6235075,-88,1679759680757,4.1,0.40618432,103.7256,LTE,0,,20700,-1,,,
740,2,20700,11381762,-1.2334348,-78.6233805,-88,1679759685783,2.7,3.2404988,142.40753,LTE,0,,20700,-1,,,
740,2,20700,11381762,-1.2336805,-78.6232712,-88,1679759690757,2.6,5.175373,151.62929,LTE,0,,20700,-1,,,
740,2,20700,11381762,-1.2339625,-78.6230841,-88,1679759695767,2.4,7.409679,147.83815,LTE,0,,20700,-1,,,
740,2,20700,11381762,-1.2342772,-78.6228992,-88,1679759700779,2.2,7.846382,154.10815,LTE,0,,20700,-1,,,
740,2,20700,11381762,-1.2345851,-78.6227349,-88,1679759705765,2.3,7.3994055,150.14548,LTE,0,,20700,-1,,,
740,2,20700,11381762,-1.2348393,-78.6225856,-88,1679759710779,2.3,5.406027,156.81885,LTE,0,,20700,-1,,,
740,2,20700,11381762,-1.2349293,-78.6225572,-88,1679759715777,2.1,0.85564095,170.54051,LTE,0,,20700,-1,,,
740,2,20700,11381762,-1.2351372,-78.6225104,-88,1679759725783,2.0,4.8800626,169.11742,LTE,0,,20700,-1,,,
740,2,20700,11381762,-1.2353708,-78.6223971,-88,1679759730762,2.0,5.776094,142.71843,LTE,0,,20700,-1,,,
740,2,20700,11381762,-1.2355315,-78.622175,-88,1679759735785,2.1,6.0725083,123.915115,LTE,0,,20700,-1,,,
740,2,20700,11381762,-1.2356933,-78.6220104,-88,1679759740780,2.3,5.040064,138.51128,LTE,0,,20700,-1,,,
740,2,20700,11381762,-1.2358511,-78.6218819,-88,1679759745793,2.7,4.5376806,141.17592,LTE,0,,20700,-1,,,
740,2,20700,11381762,-1.2360129,-78.6218504,-88,1679759750750,2.5,2.283549,138.96463,LTE,0,,20700,-1,,,
740,2,20700,11381762,-1.236107,-78.6217857,-88,1679759790719,4.7,0.10899334,122.324196,LTE,0,,20700,-1,,,
740,2,20700,11381762,-1.236203,-78.6217292,-88,1679759800239,4.4,2.5249832,151.51654,LTE,0,,20700,-1,,,
740,2,20700,11381762,-1.2364063,-78.6216221,-88,1679759804749,4.2,4.4749365,149.56224,LTE,0,,20700,-1,,,
740,2,20700,11381762,-1.236618,-78.6215282,-88,1679759809259,4.2,4.8143263,151.94107,LTE,0,,20700,-1,,,
740,2,20700,11381762,-1.2368141,-78.6214058,-88,1679759813760,3.7,5.923076,146.08554,LTE,0,,20700,-1,,,
740,2,20700,11381762,-1.2370893,-78.6212312,-88,1679759818772,2.2,6.0702925,147.44383,LTE,0,,20700,-1,,,
740,2,20700,11381762,-1.2372212,-78.621146,-88,1679759823298,3.8,2.410251,172.64648,LTE,0,,20700,-1,,,
740,2,20700,11381762,-1.2375258,-78.621576,-88,1679759891789,2.2,3.1366067,263.67444,LTE,0,,20700,-1,,,
740,2,20700,11381762,-1.2374531,-78.6216512,-88,1679759896347,2.8,3.030384,323.0481,LTE,0,,20700,-1,,,
740,2,20700,11381762,-1.2372975,-78.6217315,-88,1679759900856,3.8,4.021756,330.17545,LTE,0,,20700,-1,,,
740,2,20700,11381762,-1.2371514,-78.6218225,-88,1679759905366,3.9,3.7634623,326.83566,LTE,0,,20700,-1,,,
740,2,20700,11381762,-1.2370423,-78.6219161,-88,1679759910376,4.0,2.2872562,324.33566,LTE,0,,20700,-1,,,
740,2,20700,11381762,-1.2369028,-78.6220344,-88,1679759935430,2.4,3.6085157,321.5534,LTE,0,,20700,-1,,,
740,2,20700,11381762,-1.2367092,-78.6221391,-88,1679759940541,4.0,4.525225,331.2989,LTE,0,,20700,-1,,,
740,2,20700,11381762,-1.2365282,-78.6222208,-88,1679759945051,4.6,3.3575227,332.51108,LTE,0,,20700,-1,,,
740,2,20700,11381762,-1.2364113,-78.6223249,-88,1679759949562,4.4,3.0342448,329.7073,LTE,0,,20700,-1,,,
740,2,20700,11381762,-1.2363024,-78.6223951,-88,1679759954573,4.1,1.9745059,323.47754,LTE,0,,20700,-1,,,
740,2,20700,11381762,-1.236006,-78.6225878,-88,1679759978624,4.3,3.8063335,325.92215,LTE,0,,20700,-1,,,
740,2,20700,11381762,-1.2359056,-78.6226173,-88,1679759983763,4.1,2.0322845,335.941,LTE,0,,20700,-1,,,
740,2,20700,11381762,-1.2357634,-78.6227801,-88,1679759998791,2.4,4.5242434,319.54498,LTE,0,,20700,-1,,,
740,2,20700,11381762,-1.2355465,-78.6229219,-88,1679760003757,2.5,3.8435931,327.15173,LTE,0,,20700,-1,,,
740,2,20700,11381762,-1.2380305,-78.622191,-88,1679760221773,2.4,2.9090176,56.95805,LTE,0,,20700,-1,,,
740,2,20700,11381762,-1.2378908,-78.6221991,-88,1679760226777,2.2,3.6319778,335.84506,LTE,0,,20700,-1,,,
740,2,20700,11381762,-1.2376374,-78.622385,-88,1679760231782,2.3,6.1946797,326.385,LTE,0,,20700,-1,,,
740,2,20700,11381762,-1.2374787,-78.6224977,-88,1679760236760,2.5,2.548034,324.09796,LTE,0,,20700,-1,,,
740,2,20700,11381762,-1.2374369,-78.6225845,-88,1679760261781,2.3,0.028810428,-2000.0,LTE,0,,20700,-1,,,
740,2,20700,11381762,-1.2373678,-78.6226681,-88,1679760286781,2.8,0.035994675,-2000.0,LTE,0,,20700,-1,,,
740,2,20700,11381762,-1.23722,-78.6227765,-88,1679760296786,2.6,1.0964601,334.05328,LTE,0,,20700,-1,,,
740,2,20700,11381762,-1.2371339,-78.6228146,-88,1679760301779,2.8,1.0056175,341.89386,LTE,0,,20700,-1,,,
740,2,20700,11381762,-1.2370298,-78.6228819,-88,1679760306784,2.5,2.8208306,320.7119,LTE,0,,20700,-1,,,
740,2,20700,11381762,-1.2368595,-78.6230184,-88,1679760311773,2.6,3.8390644,323.7553,LTE,0,,20700,-1,,,
740,2,20700,11381762,-1.2367355,-78.6231043,-88,1679760316773,2.8,2.9363034,329.80716,LTE,0,,20700,-1,,,
740,2,20700,11381762,-1.2366625,-78.6231786,-88,1679760321761,2.7,1.90202,319.36624,LTE,0,,20700,-1,,,
740,2,20700,11381762,-1.2365971,-78.6232486,-88,1679760326779,2.6,1.5516855,309.8561,LTE,0,,20700,-1,,,
740,2,20700,11381762,-1.236515,-78.6233159,-88,1679760341760,4.0,0.28037056,305.0915,LTE,0,,20700,-1,,,
740,2,20700,11381762,-1.2364365,-78.6233777,-88,1679760346801,4.4,0.36205277,306.08136,LTE,0,,20700,-1,,,
740,2,20700,11381762,-1.2362625,-78.6234671,-88,1679760356775,3.4,2.5960264,335.483,LTE,0,,20700,-1,,,
740,2,20700,11381762,-1.2361051,-78.6235678,-88,1679760361786,2.9,3.4354548,330.98544,LTE,0,,20700,-1,,,
740,2,20700,11381762,-1.2358944,-78.623756,-88,1679760436757,2.4,5.342167,322.46338,LTE,0,,20700,-1,,,
740,2,20700,11381762,-1.2355904,-78.6239358,-88,1679760441778,2.7,5.3092284,328.19757,LTE,0,,20700,-1,,,
740,2,20700,11381762,-1.2353945,-78.6240205,-88,1679760446795,2.5,3.8723679,331.95844,LTE,0,,20700,-1,,,
740,2,20700,11381762,-1.2351972,-78.6241092,-88,1679760451756,2.5,4.89956,327.58618,LTE,0,,20700,-1,,,
740,2,20700,11381762,-1.2349419,-78.6243163,-88,1679760456767,2.3,6.83115,326.03098,LTE,0,,20700,-1,,,
740,2,20700,11381762,-1.2346796,-78.6245032,-88,1679760461762,2.5,6.937145,328.17853,LTE,0,,20700,-1,,,
740,2,20700,11381762,-1.2343334,-78.6247267,-88,1679760466767,2.7,8.17738,325.8352,LTE,0,,20700,-1,,,
740,2,20700,11381762,-1.2341254,-78.6248773,-88,1679760471787,2.8,4.8129325,314.12973,LTE,0,,20700,-1,,,
740,2,20700,11381762,-1.2340239,-78.6248807,-88,1679760491314,2.9,3.888725,336.49695,LTE,0,,20700,-1,,,
740,2,20700,11381762,-1.233795,-78.6250568,-88,1679760496315,2.9,4.0595617,330.42606,LTE,0,,20700,-1,,,
740,2,20700,11381762,-1.2343449,-78.6260284,-88,1679760524767,2.6,0.004253812,-2000.0,LTE,0,,20700,-1,,,
740,2,20700,11381762,-1.2344841,-78.6259881,-88,1679760534764,2.1,0.14254686,206.03944,LTE,0,,20700,-1,,,
740,2,20700,11381762,-1.2345901,-78.6259235,-88,1679760544787,2.2,1.9254597,140.29541,LTE,0,,20700,-1,,,
740,2,20700,11381762,-1.2347293,-78.6258167,-88,1679760554511,3.9,2.1057997,151.78625,LTE,0,,20700,-1,,,
740,2,20700,11381762,-1.2348394,-78.6257285,-88,1679760559020,3.9,3.661128,142.2314,LTE,0,,20700,-1,,,
740,2,20700,11381762,-1.23504,-78.6255799,-88,1679760563762,3.0,5.9641747,146.07446,LTE,0,,20700,-1,,,
740,2,20700,11381762,-1.2352587,-78.6254027,-88,1679760568788,2.2,5.896105,143.89903,LTE,0,,20700,-1,,,
740,2,20700,11381762,-1.235406,-78.6252882,-88,1679760573801,2.5,3.497764,134.29826,LTE,0,,20700,-1,,,
740,2,20700,11381762,-1.2354892,-78.6252149,-88,1679760578783,2.5,3.271789,148.16325,LTE,0,,20700,-1,,,
740,2,20700,11381762,-1.2356967,-78.6250688,-88,1679760583513,6.3,5.2735624,136.76071,LTE,0,,20700,-1,,,
740,2,20700,11381762,-1.2358128,-78.6249888,-88,1679760588524,4.3,2.4879827,118.49873,LTE,0,,20700,-1,,,
740,2,20700,11381762,-1.2359255,-78.6248897,-88,1679760593033,4.4,3.3758495,143.10765,LTE,0,,20700,-1,,,
740,2,20700,11381762,-1.2361186,-78.6247265,-88,1679760597543,5.5,5.140245,138.31784,LTE,0,,20700,-1,,,
740,2,20700,11381762,-1.2362354,-78.6246498,-88,1679760602052,5.4,2.839528,137.93806,LTE,0,,20700,-1,,,
740,2,20700,11381762,-1.2363918,-78.6245207,-88,1679760606794,4.3,4.263307,140.31563,LTE,0,,20700,-1,,,
740,2,20700,11381762,-1.2364947,-78.6244662,-88,1679760611763,2.8,1.4159083,162.4994,LTE,0,,20700,-1,,,
740,2,20700,11381762,-1.2365521,-78.624379,-88,1679760646358,3.5,2.1430187,145.78021,LTE,0,,20700,-1,,,
740,2,20700,11381762,-1.2367528,-78.6242252,-88,1679760650867,4.2,4.3906837,142.87872,LTE,0,,20700,-1,,,
740,2,20700,11381762,-1.236879,-78.6241228,-88,1679760655377,4.8,4.0458403,135.13054,LTE,0,,20700,-1,,,
740,2,20700,11381762,-1.2370329,-78.6240101,-88,1679760660781,4.2,2.703169,144.47905,LTE,0,,20700,-1,,,
740,2,20700,11381762,-1.2371744,-78.6239215,-88,1679760670320,4.5,2.1398914,136.29175,LTE,0,,20700,-1,,,
740,2,20700,11381762,-1.2373117,-78.6238152,-88,1679760674829,4.5,4.0470004,138.07188,LTE,0,,20700,-1,,,
740,2,20700,11381762,-1.2375305,-78.6236759,-88,1679760680320,4.7,3.2400086,141.01985,LTE,0,,20700,-1,,,
740,2,20700,11381762,-1.2376595,-78.6236399,-88,1679760684830,4.0,2.6901157,156.43745,LTE,0,,20700,-1,,,
740,2,20700,11381762,-1.2378041,-78.6235068,-88,1679760689340,4.3,3.767482,139.68504,LTE,0,,20700,-1,,,
740,2,20700,11381762,-1.2378669,-78.6233977,-88,1679760693849,4.6,2.8422592,130.51193,LTE,0,,20700,-1,,,
740,2,20700,11381762,-1.2380083,-78.6232688,-88,1679760698359,4.5,4.2110333,138.85338,LTE,0,,20700,-1,,,
740,2,20700,11381762,-1.2382052,-78.6231251,-88,1679760702869,4.5,5.3928165,141.97388,LTE,0,,20700,-1,,,
740,2,20700,11381762,-1.2384021,-78.6230819,-88,1679760707378,4.6,3.7557845,192.75475,LTE,0,,20700,-1,,,
740,2,20700,11381762,-1.240887,-78.6241204,-88,1679760802774,2.2,2.7303991,184.03528,LTE,0,,20700,-1,,,
740,2,20700,11381762,-1.2408505,-78.6242335,-88,1679760812417,2.9,1.6905726,302.54202,LTE,0,,20700,-1,,,
740,2,20700,11381762,-1.2407558,-78.6243209,-88,1679760816925,5.0,2.2888281,318.38657,LTE,0,,20700,-1,,,
740,2,20700,11381762,-1.2406802,-78.6244681,-88,1679760836761,3.1,0.7884494,272.19006,LTE,0,,20700,-1,,,
740,2,20700,11381762,-1.2405539,-78.6246246,-88,1679760851765,2.9,1.6109718,314.62326,LTE,0,,20700,-1,,,
740,2,20700,11381762,-1.2404541,-78.6247107,-88,1679760876783,1.9,1.8705702,321.21774,LTE,0,,20700,-1,,,
740,2,20700,11381762,-1.240375,-78.6247807,-88,1679760881331,3.2,2.1290674,319.11304,LTE,0,,20700,-1,,,
740,2,20700,11381762,-1.240263,-78.624881,-88,1679760886341,3.6,2.8427687,317.98627,LTE,0,,20700,-1,,,
740,2,20700,11381762,-1.2401659,-78.6249629,-88,1679760906382,3.6,1.2889255,311.10104,LTE,0,,20700,-1,,,
740,2,20700,11381762,-1.2400484,-78.6250364,-88,1679760911766,3.5,0.21521163,306.68665,LTE,0,,20700,-1,,,
740,2,20700,11381762,-1.2399535,-78.6250842,-88,1679760921766,1.9,0.0012138798,-2000.0,LTE,0,,20700,-1,,,
740,2,20700,11381762,-1.2356382,-78.627777,-88,1679761370765,2.1,3.4213672,65.94291,LTE,0,,20700,-1,,,
740,2,20700,11381762,-1.2356784,-78.6276599,-88,1679761375767,2.2,2.8670053,125.7655,LTE,0,,20700,-1,,,
740,2,20700,11381762,-1.2358545,-78.6275413,-88,1679761380782,2.3,4.5180864,138.23322,LTE,0,,20700,-1,,,
740,2,20700,11381762,-1.2359779,-78.6274958,-88,1679761385790,2.5,2.6532116,145.23068,LTE,0,,20700,-1,,,
740,2,20700,11381762,-1.2361015,-78.6274398,-88,1679761400783,2.1,2.8697906,151.24557,LTE,0,,20700,-1,,,
740,2,20700,11381762,-1.2362702,-78.627301,-88,1679761405761,2.1,4.9636173,145.2371,LTE,0,,20700,-1,,,
740,2,20700,11381762,-1.2364021,-78.6272145,-88,1679761410783,2.0,3.1436195,151.94543,LTE,0,,20700,-1,,,
740,2,20700,11381762,-1.2365424,-78.6271034,-88,1679761415773,2.2,3.9494815,139.13669,LTE,0,,20700,-1,,,
740,2,20700,11381762,-1.2366966,-78.6270348,-88,1679761420753,2.4,3.054142,151.58002,LTE,0,,20700,-1,,,
740,2,20700,11381762,-1.2368142,-78.6269445,-88,1679761425773,2.5,3.2638667,145.85655,LTE,0,,20700,-1,,,
740,2,20700,11381762,-1.2368904,-78.6268839,-88,1679761430459,4.6,1.4617548,142.91545,LTE,0,,20700,-1,,,
740,2,20700,11381762,-1.2371263,-78.6267465,-88,1679761439478,4.4,3.089026,153.76833,LTE,0,,20700,-1,,,
740,2,20700,11381762,-1.237242,-78.6266234,-88,1679761443986,4.8,3.2691896,143.1047,LTE,0,,20700,-1,,,
740,2,20700,11381762,-1.2373505,-78.626508,-88,1679761448495,5.1,3.3065286,135.87117,LTE,0,,20700,-1,,,
740,2,20700,11381762,-1.237469,-78.6264586,-88,1679761453504,4.9,2.3590634,145.8121,LTE,0,,20700,-1,,,
740,2,20700,11381762,-1.2375944,-78.6263857,-88,1679761458796,4.5,2.8886764,144.92581,LTE,0,,20700,-1,,,
740,2,20700,11381762,-1.2376975,-78.6263194,-88,1679761463777,2.7,2.4231863,146.82603,LTE,0,,20700,-1,,,
740,2,20700,11381762,-1.2377873,-78.6263068,-88,1679761468789,2.8,1.3898636,177.00874,LTE,0,,20700,-1,,,
740,2,20700,11381762,-1.2379167,-78.626172,-88,1679761483762,2.4,3.2272303,138.73235,LTE,0,,20700,-1,,,
740,2,20700,11381762,-1.2380117,-78.6260938,-88,1679761488788,2.4,1.4729103,144.15952,LTE,0,,20700,-1,,,
740,2,20700,11381762,-1.238178,-78.6259777,-88,1679761498788,2.5,2.1541529,137.81046,LTE,0,,20700,-1,,,
740,2,20700,11381762,-1.2382542,-78.6259186,-88,1679761533777,2.3,0.19344673,135.64413,LTE,0,,20700,-1,,,
740,2,20700,11381762,-1.2383955,-78.6259238,-88,1679761583768,2.8,0.23014256,189.6004,LTE,0,,20700,-1,,,
740,2,20700,11381762,-1.2385072,-78.6258555,-88,1679761598760,2.5,0.013389451,-2000.0,LTE,0,,20700,-1,,,
740,2,20700,11381762,-1.238618,-78.6257939,-88,1679761603769,4.3,2.3507726,144.52475,LTE,0,,20700,-1,,,
740,2,20700,11381762,-1.2387363,-78.6256657,-88,1679761613787,2.9,0.03244126,-2000.0,LTE,0,,20700,-1,,,
740,2,20700,11381762,-1.2388445,-78.6254938,-88,1679761623797,2.5,2.858721,146.59027,LTE,0,,20700,-1,,,
740,2,20700,11381762,-1.2389935,-78.6254196,-88,1679761628771,2.8,3.4348893,145.32394,LTE,0,,20700,-1,,,
740,2,20700,11381762,-1.239115,-78.6253622,-88,1679761633790,2.8,2.5436747,138.0471,LTE,0,,20700,-1,,,
740,2,20700,11381762,-1.2392732,-78.6253175,-88,1679761638763,2.9,2.491642,179.7484,LTE,0,,20700,-1,,,
740,2,20700,11381762,-1.2394728,-78.6251592,-88,1679761643789,2.6,5.8658466,142.70584,LTE,0,,20700,-1,,,
740,2,20700,11381762,-1.239673,-78.6249778,-88,1679761648771,2.5,4.3640046,140.51456,LTE,0,,20700,-1,,,
740,2,20700,11381762,-1.239771,-78.6249368,-88,1679761653786,2.5,2.7897954,196.93204,LTE,0,,20700,-1,,,
740,2,20700,11381762,-1.2399915,-78.6253661,-88,1679761667784,2.2,0.94433457,273.5805,LTE,0,,20700,-1,,,
740,2,20700,11381762,-1.2397874,-78.6253683,-88,1679761677777,2.6,3.4906323,348.47073,LTE,0,,20700,-1,,,
740,2,20700,11381762,-1.2396118,-78.625485,-88,1679761682764,2.8,3.2582045,327.28375,LTE,0,,20700,-1,,,
740,2,20700,11381762,-1.2395464,-78.6255579,-88,1679761687781,2.6,1.8348264,343.12036,LTE,0,,20700,-1,,,
740,2,20700,11381762,-1.239475,-78.6256822,-88,1679761692775,2.7,2.1966546,310.55792,LTE,0,,20700,-1,,,
740,2,20700,11381762,-1.2393923,-78.6257793,-88,1679761697784,2.5,2.3422985,318.14417,LTE,0,,20700,-1,,,
740,2,20700,11381762,-1.2393018,-78.6258017,-88,1679761707762,2.4,0.0023931367,-2000.0,LTE,0,,20700,-1,,,
740,2,20700,11381762,-1.2391351,-78.6259626,-88,1679761722788,2.2,3.3591738,322.8112,LTE,0,,20700,-1,,,
740,2,20700,11381762,-1.2389506,-78.6261188,-88,1679761727783,2.4,4.4530582,323.17163,LTE,0,,20700,-1,,,
740,2,20700,11381762,-1.2388165,-78.6261823,-88,1679761732547,2.8,2.7296534,343.13718,LTE,0,,20700,-1,,,
740,2,20700,11381762,-1.2387093,-78.6262325,-88,1679761757763,2.7,1.7421963,348.88028,LTE,0,,20700,-1,,,
740,2,20700,11381762,-1.238352,-78.626466,-88,1679761762784,2.9,6.707817,325.9027,LTE,0,,20700,-1,,,
740,2,20700,11381762,-1.2382111,-78.6265689,-88,1679761767804,2.6,1.4089615,347.94135,LTE,0,,20700,-1,,,
740,2,20700,11381762,-1.2379326,-78.6267914,-88,1679761782406,4.9,6.1610045,329.32468,LTE,0,,20700,-1,,,
740,2,20700,11381762,-1.2377404,-78.6269216,-88,1679761787417,4.4,1.4968137,330.35745,LTE,0,,20700,-1,,,
740,2,20700,11381762,-1.2376127,-78.6270612,-88,1679761796779,3.4,4.3659344,322.7098,LTE,0,,20700,-1,,,
740,2,20700,11381762,-1.237401,-78.6272187,-88,1679761801781,2.5,4.6517086,325.7282,LTE,0,,20700,-1,,,
740,2,20700,11381762,-1.2373117,-78.6272644,-88,1679761806330,3.7,2.581385,331.4219,LTE,0,,20700,-1,,,
740,2,20700,11381762,-1.2371325,-78.6273565,-88,1679761811790,3.5,6.4859233,328.15277,LTE,0,,20700,-1,,,
740,2,20700,11381762,-1.2369116,-78.6274732,-88,1679761816779,2.6,4.70642,327.17395,LTE,0,,20700,-1,,,
740,2,20700,11381762,-1.2367983,-78.6275295,-88,1679761821431,4.3,3.4218981,315.11935,LTE,0,,20700,-1,,,
740,2,20700,11381762,-1.2365457,-78.6276927,-88,1679761826780,3.1,5.9085073,327.02072,LTE,0,,20700,-1,,,
740,2,20700,11381762,-1.2364332,-78.6277915,-88,1679761831351,2.8,1.1559467,304.17487,LTE,0,,20700,-1,,,
740,2,20700,11381762,-1.2362575,-78.6279245,-88,1679761840870,4.2,4.950523,320.97366,LTE,0,,20700,-1,,,
740,2,20700,11381762,-1.2360325,-78.6280579,-88,1679761845378,4.6,3.5354338,334.84885,LTE,0,,20700,-1,,,
740,2,20700,11381762,-1.2359192,-78.6281059,-88,1679761850389,4.2,2.205966,337.3986,LTE,0,,20700,-1,,,
740,2,20700,11381762,-1.2349474,-78.6269512,-88,1679761876784,2.0,2.4229527,76.691086,LTE,0,,20700,-1,,,
740,2,20700,11381762,-1.2350299,-78.6268499,-88,1679761881327,7.1,3.4128857,131.62663,LTE,0,,20700,-1,,,
740,2,20700,11381762,-1.235233,-78.626714,-88,1679761886337,3.4,3.0026972,90.4223,LTE,0,,20700,-1,,,
740,2,20700,11381762,-1.2353691,-78.6266433,-88,1679761891346,3.7,3.4348693,158.83716,LTE,0,,20700,-1,,,
740,2,20700,11381762,-1.2355568,-78.626568,-88,1679761895856,3.8,4.7106433,156.90485,LTE,0,,20700,-1,,,
740,2,20700,11381762,-1.2356961,-78.626464,-88,1679761900364,4.4,2.944498,136.70265,LTE,0,,20700,-1,,,
740,2,20700,11381762,-1.2357999,-78.6263747,-88,1679761904873,4.4,4.23295,142.41808,LTE,0,,20700,-1,,,
740,2,20700,11381762,-1.2359785,-78.6261994,-88,1679761909795,3.6,5.8060217,141.09631,LTE,0,,20700,-1,,,
740,2,20700,11381762,-1.2360884,-78.6261041,-88,1679761914313,2.9,1.2536966,114.25905,LTE,0,,20700,-1,,,
740,2,20700,11381762,-1.2362954,-78.6259553,-88,1679761923765,4.0,4.6617045,136.42337,LTE,0,,20700,-1,,,
740,2,20700,11381762,-1.2364872,-78.6257627,-88,1679761928780,2.6,5.029138,133.05418,LTE,0,,20700,-1,,,
740,2,20700,11381762,-1.2366047,-78.6256851,-88,1679761933331,4.0,2.6232512,136.05496,LTE,0,,20700,-1,,,
740,2,20700,11381762,-1.2367063,-78.6256205,-88,1679761938341,3.9,2.2034516,154.52156,LTE,0,,20700,-1,,,
740,2,20700,11381762,-1.236832,-78.62555,-88,1679761962892,4.0,1.9096829,134.94762,LTE,0,,20700,-1,,,
740,2,20700,11381762,-1.2369197,-78.6254811,-88,1679761967400,4.6,1.3459421,122.38535,LTE,0,,20700,-1,,,
740,2,20700,11381762,-1.2371199,-78.6253492,-88,1679761992395,4.8,1.8240958,123.636055,LTE,0,,20700,-1,,,
740,2,20700,11381762,-1.2371809,-78.6252787,-88,1679762032476,4.9,0.044633903,-2000.0,LTE,0,,20700,-1,,,
740,2,20700,11381762,-1.2373182,-78.6251791,-88,1679762051783,2.7,2.7990065,140.10919,LTE,0,,20700,-1,,,
740,2,20700,11381762,-1.237451,-78.625022,-88,1679762056525,4.4,4.163409,136.28107,LTE,0,,20700,-1,,,
740,2,20700,11381762,-1.2376632,-78.6248855,-88,1679762061797,4.0,5.1464562,146.7489,LTE,0,,20700,-1,,,
740,2,20700,11381762,-1.2377638,-78.6248128,-88,1679762066345,4.7,2.794884,140.13571,LTE,0,,20700,-1,,,
740,2,20700,11381762,-1.2378398,-78.6247411,-88,1679762071355,4.7,1.9688835,136.3048,LTE,0,,20700,-1,,,
740,2,20700,11381762,-1.2380367,-78.6246319,-88,1679762075865,4.3,5.327316,144.35072,LTE,0,,20700,-1,,,
740,2,20700,11381762,-1.238174,-78.6245666,-88,1679762080373,4.5,1.6376387,151.58513,LTE,0,,20700,-1,,,
740,2,20700,11381762,-1.2382716,-78.6245363,-88,1679762100414,4.7,0.14545457,175.4067,LTE,0,,20700,-1,,,
740,2,20700,11381762,-1.2383742,-78.6244524,-88,1679762110435,4.3,2.1989968,154.05022,LTE,0,,20700,-1,,,
740,2,20700,11381762,-1.2387049,-78.6241695,-88,1679762115799,2.7,4.689612,141.31969,LTE,0,,20700,-1,,,
740,2,20700,11381762,-1.2388954,-78.6241337,-88,1679762179455,4.5,1.4151573,140.85146,LTE,0,,20700,-1,,,
740,2,20700,11381762,-1.2390226,-78.6240216,-88,1679762188472,3.3,2.8269506,151.20467,LTE,0,,20700,-1,,,
740,2,20700,11381762,-1.2391772,-78.6238312,-88,1679762193343,3.9,3.6076741,100.68646,LTE,0,,20700,-1,,,
740,2,20700,11381762,-1.2391663,-78.6237282,-88,1679762196349,4.3,3.802093,80.00049,LTE,0,,20700,-1,,,
740,2,20700,11381762,-1.2384984,-78.6236286,-88,1679762275758,2.3,5.0310907,232.74399,LTE,0,,20700,-1,,,
740,2,20700,11381762,-1.2384243,-78.6237602,-88,1679762280761,2.6,3.0253456,298.72256,LTE,0,,20700,-1,,,
740,2,20700,11381762,-1.2382877,-78.6238243,-88,1679762285776,2.6,2.3025336,334.2046,LTE,0,,20700,-1,,,
740,2,20700,11381762,-1.2381532,-78.6238931,-88,1679762295764,2.4,1.7808201,326.72345,LTE,0,,20700,-1,,,
740,2,20700,11381762,-1.2379765,-78.624106,-88,1679762319353,4.0,4.141978,311.77628,LTE,0,,20700,-1,,,
740,2,20700,11381762,-1.2377627,-78.6243149,-88,1679762324776,2.4,4.6954865,313.75363,LTE,0,,20700,-1,,,
740,2,20700,11381762,-1.2376853,-78.6243725,-88,1679762329332,3.4,1.2308501,16.424206,LTE,0,,20700,-1,,,
740,2,20700,11381762,-1.237542,-78.6244141,-88,1679762334787,2.8,3.088662,336.72375,LTE,0,,20700,-1,,,
740,2,20700,11381762,-1.2374289,-78.6244613,-88,1679762339766,2.6,2.1517332,340.70853,LTE,0,,20700,-1,,,
740,2,20700,11381762,-1.2373214,-78.6245051,-88,1679762344784,2.7,2.4083147,322.21948,LTE,0,,20700,-1,,,
740,2,20700,11381762,-1.2372796,-78.6245906,-88,1679762354773,2.6,1.0301837,323.95496,LTE,0,,20700,-1,,,
740,2,20700,11381762,-1.2371832,-78.6246661,-88,1679762369791,2.3,0.045118984,-2000.0,LTE,0,,20700,-1,,,
740,2,20700,11381762,-1.2370327,-78.6248168,-88,1679762374791,2.5,5.14776,317.24652,LTE,0,,20700,-1,,,
740,2,20700,11381762,-1.2368305,-78.62497,-88,1679762379761,2.6,4.717727,316.8947,LTE,0,,20700,-1,,,
740,2,20700,11381762,-1.2366956,-78.6250509,-88,1679762394782,2.4,0.047523223,-2000.0,LTE,0,,20700,-1,,,
740,2,20700,11381762,-1.2364949,-78.6251978,-88,1679762404770,2.5,3.2888675,320.71878,LTE,0,,20700,-1,,,
740,2,20700,11381762,-1.236359,-78.6252849,-88,1679762409779,2.6,3.1476734,323.16083,LTE,0,,20700,-1,,,
740,2,20700,11381762,-1.2362346,-78.6253651,-88,1679762414792,2.5,3.0425243,329.19772,LTE,0,,20700,-1,,,
740,2,20700,11381762,-1.2361073,-78.6254449,-88,1679762419777,2.2,3.1801198,328.31714,LTE,0,,20700,-1,,,
740,2,20700,11381762,-1.2359718,-78.6255534,-88,1679762424761,2.3,3.2334094,321.19434,LTE,0,,20700,-1,,,
740,2,20700,11381762,-1.2358575,-78.6256313,-88,1679762429784,2.1,3.0408068,323.03528,LTE,0,,20700,-1,,,
740,2,20700,11381762,-1.2356789,-78.6258016,-88,1679762434763,2.1,5.8243833,323.2749,LTE,0,,20700,-1,,,
740,2,20700,11381762,-1.2353795,-78.6260119,-88,1679762439790,2.2,7.429002,324.15637,LTE,0,,20700,-1,,,
740,2,20700,11381762,-1.2351641,-78.6261406,-88,1679762444329,2.9,4.5164475,321.20374,LTE,0,,20700,-1,,,
740,2,20700,11381762,-1.2384217,-78.6251571,-88,1679762809778,2.7,2.2090073,37.007782,LTE,0,,20700,-1,,,
740,2,20700,11381762,-1.2383025,-78.6251842,-88,1679762814764,2.4,2.5827591,338.64316,LTE,0,,20700,-1,,,
740,2,20700,11381762,-1.2381837,-78.6252779,-88,1679762819784,2.5,2.4576864,312.4999,LTE,0,,20700,-1,,,
740,2,20700,11381762,-1.2381633,-78.6253737,-88,1679762824778,2.6,2.233978,262.69482,LTE,0,,20700,-1,,,
740,2,20700,11381762,-1.2380384,-78.6254676,-88,1679762834781,2.3,1.3528906,324.64758,LTE,0,,20700,-1,,,
740,2,20700,11381762,-1.2378992,-78.6255279,-88,1679762839785,2.3,3.5827334,330.2108,LTE,0,,20700,-1,,,
740,2,20700,11381762,-1.2377744,-78.6255957,-88,1679762844791,2.3,2.6163244,332.7346,LTE,0,,20700,-1,,,
740,2,20700,11381762,-1.237669,-78.6256877,-88,1679762849787,2.3,3.066106,321.59927,LTE,0,,20700,-1,,,
740,2,20700,11381762,-1.237575,-78.6257403,-88,1679762854794,2.2,0.104897216,349.9701,LTE,0,,20700,-1,,,
740,2,20700,11381762,-1.2373899,-78.6258361,-88,1679762864798,1.9,4.066923,332.15628,LTE,0,,20700,-1,,,
740,2,20700,11381762,-1.2371462,-78.6259699,-88,1679762869770,2.4,6.1417046,335.60403,LTE,0,,20700,-1,,,
740,2,20700,11381762,-1.2370258,-78.6260924,-88,1679762874786,2.5,1.2254188,331.55548,LTE,0,,20700,-1,,,
740,2,20700,11381762,-1.2368177,-78.6262331,-88,1679762884772,2.3,4.107271,320.4822,LTE,0,,20700,-1,,,
740,2,20700,11381762,-1.2367102,-78.6263531,-88,1679762889791,2.5,2.9530678,314.3838,LTE,0,,20700,-1,,,
740,2,20700,11381762,-1.236556,-78.6264367,-88,1679762899768,3.2,2.4884841,330.08087,LTE,0,,20700,-1,,,
740,2,20700,11381762,-1.2364348,-78.6265513,-88,1679762904761,2.5,2.8917022,307.08496,LTE,0,,20700,-1,,,
740,2,20700,11381762,-1.236334,-78.6265491,-88,1679762914791,2.8,0.29069617,9.3667755,LTE,0,,20700,-1,,,
740,2,20700,11381762,-1.236216,-78.6266337,-88,1679762919761,2.7,1.8322793,311.75818,LTE,0,,20700,-1,,,
740,2,20700,11381762,-1.2360951,-78.6267898,-88,1679762939785,2.4,1.4004631,322.3039,LTE,0,,20700,-1,,,
740,2,20700,11381762,-1.2360217,-78.6268642,-88,1679762979794,2.8,0.28996766,329.20926,LTE,0,,20700,-1,,,
740,2,20700,11381762,-1.2358748,-78.6269606,-88,1679763004763,2.9,2.045939,327.5765,LTE,0,,20700,-1,,,
740,2,20700,11381762,-1.2357763,-78.6270177,-88,1679763009793,2.3,1.4846802,354.18982,LTE,0,,20700,-1,,,
740,2,20700,11381762,-1.235589,-78.6271239,-88,1679763019788,2.3,4.7787604,324.20786,LTE,0,,20700,-1,,,
740,2,20700,11381762,-1.2353527,-78.6273272,-88,1679763024778,2.4,4.1482186,316.75116,LTE,0,,20700,-1,,,
740,2,20700,11381762,-1.2370498,-78.6294173,-88,1679763082773,1.8,0.022547817,-2000.0,LTE,0,,20700,-1,,,
740,2,20700,11381762,-1.2372103,-78.6293155,-88,1679763087766,1.9,5.108728,146.39708,LTE,0,,20700,-1,,,
740,2,20700,11381762,-1.237481,-78.6291367,-88,1679763092768,2.2,5.6161757,147.64502,LTE,0,,20700,-1,,,
740,2,20700,11381762,-1.2376229,-78.629004,-88,1679763097783,2.2,5.323081,142.0468,LTE,0,,20700,-1,,,
740,2,20700,11381762,-1.2379161,-78.6288221,-88,1679763102764,2.2,7.559946,147.19122,LTE,0,,20700,-1,,,
740,2,20700,11381762,-1.2381198,-78.6286908,-88,1679763107787,2.2,4.9199324,141.63219,LTE,0,,20700,-1,,,
740,2,20700,11381762,-1.2383628,-78.6284817,-88,1679763112789,2.2,6.6168447,139.87312,LTE,0,,20700,-1,,,
740,2,20700,11381762,-1.2385522,-78.6283477,-88,1679763117761,2.3,5.170691,143.67615,LTE,0,,20700,-1,,,
740,2,20700,11381762,-1.2388143,-78.6281927,-88,1679763122769,2.6,7.7226796,148.11075,LTE,0,,20700,-1,,,
740,2,20700,11381762,-1.2391041,-78.6279504,-88,1679763127782,2.9,7.613129,134.10237,LTE,0,,20700,-1,,,
740,2,20700,11381762,-1.2393949,-78.6277394,-88,1679763132786,2.9,7.5381503,144.13727,LTE,0,,20700,-1,,,
740,2,20700,11381762,-1.2396828,-78.627607,-88,1679763137796,2.8,6.562337,147.5864,LTE,0,,20700,-1,,,
740,2,20700,11381762,-1.2397976,-78.6275546,-88,1679763142762,2.9,1.7730063,140.83379,LTE,0,,20700,-1,,,
740,2,20700,11381762,-1.2398865,-78.6274971,-88,1679763167797,2.8,2.3560805,150.27345,LTE,0,,20700,-1,,,
740,2,20700,11381762,-1.239915,-78.6273968,-88,1679763177786,2.6,1.384368E-5,-2000.0,LTE,0,,20700,-1,,,
740,2,20700,11381762,-1.239991,-78.6272919,-88,1679763237790,2.3,0.0011760303,-2000.0,LTE,0,,20700,-1,,,
740,2,20700,11381762,-1.2401524,-78.6272588,-88,1679763297766,2.2,1.6256021,164.96227,LTE,0,,20700,-1,,,
740,2,20700,11381762,-1.2402338,-78.6271898,-88,1679763302761,2.1,2.3208222,142.0056,LTE,0,,20700,-1,,,
740,2,20700,11381762,-1.2403545,-78.6271016,-88,1679763307765,2.1,3.6276534,145.52907,LTE,0,,20700,-1,,,
740,2,20700,11381762,-1.2404427,-78.6270595,-88,1679763312783,2.3,0.7686627,160.0731,LTE,0,,20700,-1,,,
740,2,20700,11381762,-1.2406092,-78.6270448,-88,1679763377767,2.4,1.0056401,172.32054,LTE,0,,20700,-1,,,
740,2,20700,11381762,-1.2407795,-78.6269388,-88,1679763397787,2.0,2.1621532,145.7786,LTE,0,,20700,-1,,,
740,2,20700,11381762,-1.2409426,-78.6268407,-88,1679763422781,4.4,0.14802273,173.94514,LTE,0,,20700,-1,,,
740,2,20700,11381762,-1.2410382,-78.6268282,-88,1679763432790,4.5,0.03980174,-2000.0,LTE,0,,20700,-1,,,
740,2,20700,11381762,-1.2411184,-78.6266915,-88,1679763477788,2.5,0.74429953,132.87845,LTE,0,,20700,-1,,,
740,2,20700,11381762,-1.2412888,-78.6266099,-88,1679763487786,2.7,2.7134004,132.32431,LTE,0,,20700,-1,,,
740,2,20700,11381762,-1.2413885,-78.626462,-88,1679763492784,2.4,3.5250912,131.52681,LTE,0,,20700,-1,,,
740,2,20700,11381762,-1.2414475,-78.6263264,-88,1679763497767,2.3,2.565411,117.409744,LTE,0,,20700,-1,,,
740,2,20700,11381762,-1.2414631,-78.6262196,-88,1679763502786,2.6,2.7675102,117.07063,LTE,0,,20700,-1,,,
740,2,20700,11381762,-1.2416036,-78.6260972,-88,1679763507775,2.8,3.5727012,136.75409,LTE,0,,20700,-1,,,
740,2,20700,11381762,-1.2417222,-78.6260008,-88,1679763512769,3.0,1.6035184,115.868286,LTE,0,,20700,-1,,,
740,2,20700,11381762,-1.241793,-78.6258947,-88,1679763542787,3.6,0.19997418,90.082115,LTE,0,,20700,-1,,,
740,2,20700,11381762,-1.2419321,-78.6259409,-88,1679763552781,2.8,0.05847394,-2000.0,LTE,0,,20700,-1,,,
740,2,20700,11381762,-1.2420796,-78.6243358,-88,1679763961771,1.8,3.4588745,329.18744,LTE,0,,20700,-1,,,
740,2,20700,11381762,-1.2419361,-78.6244595,-88,1679763966768,1.8,3.510322,316.04163,LTE,0,,20700,-1,,,
740,2,20700,11381762,-1.2418291,-78.6245581,-88,1679763971763,2.1,3.0158896,324.85553,LTE,0,,20700,-1,,,
740,2,20700,11381762,-1.2417097,-78.6246607,-88,1679763976762,2.2,3.5474343,321.003,LTE,0,,20700,-1,,,
740,2,20700,11381762,-1.2415846,-78.6247959,-88,1679763981773,2.2,4.105893,317.5865,LTE,0,,20700,-1,,,
740,2,20700,11381762,-1.2413564,-78.6249687,-88,1679763986775,2.0,6.2996445,322.59598,LTE,0,,20700,-1,,,
740,2,20700,11381762,-1.2411574,-78.6251233,-88,1679763991759,1.9,4.883286,321.34586,LTE,0,,20700,-1,,,
740,2,20700,11381762,-1.2409551,-78.6252994,-88,1679763996759,2.1,5.9935894,317.90714,LTE,0,,20700,-1,,,
740,2,20700,11381762,-1.2407257,-78.6254935,-88,1679764001758,2.4,6.390089,324.6441,LTE,0,,20700,-1,,,
740,2,20700,11381762,-1.240524,-78.6255581,-88,1679764006764,2.7,4.3657885,337.91724,LTE,0,,20700,-1,,,
740,2,20700,11381762,-1.2403326,-78.6257305,-88,1679764066802,2.3,3.4123986,334.1369,LTE,0,,20700,-1,,,
740,2,20700,11381762,-1.2402087,-78.6259043,-88,1679764071766,2.8,3.250019,289.58597,LTE,0,,20700,-1,,,
740,2,20700,11381762,-1.2400473,-78.6260064,-88,1679764091788,2.9,2.5145059,320.28564,LTE,0,,20700,-1,,,
740,2,20700,11381762,-1.2399163,-78.6261032,-88,1679764096795,2.6,2.9326484,325.95248,LTE,0,,20700,-1,,,
740,2,20700,11381762,-1.2397528,-78.6262114,-88,1679764106789,2.4,2.6423554,323.6982,LTE,0,,20700,-1,,,
740,2,20700,11381762,-1.2396666,-78.6262456,-88,1679764111792,2.5,2.175627,337.0908,LTE,0,,20700,-1,,,
740,2,20700,11381762,-1.2395425,-78.6263651,-88,1679764116785,2.5,3.3916109,322.33606,LTE,0,,20700,-1,,,
740,2,20700,11381762,-1.2394408,-78.6264511,-88,1679764121793,2.3,2.75165,324.28128,LTE,0,,20700,-1,,,
740,2,20700,11381762,-1.2394118,-78.626578,-88,1679764156759,4.0,2.2670724,320.93954,LTE,0,,20700,-1,,,
740,2,20700,11381762,-1.2393159,-78.6267085,-88,1679764161766,3.6,2.7476962,305.57236,LTE,0,,20700,-1,,,
740,2,20700,11381762,-1.2391765,-78.6267337,-88,1679764166777,3.2,3.2123096,318.66068,LTE,0,,20700,-1,,,
740,2,20700,11381762,-1.2389285,-78.626845,-88,1679764171800,2.8,5.084646,325.73962,LTE,0,,20700,-1,,,
740,2,20700,11381762,-1.2387679,-78.6269413,-88,1679764176792,2.4,2.7415338,321.82806,LTE,0,,20700,-1,,,
740,2,20700,11381762,-1.2385538,-78.6270575,-88,1679764186789,1.9,5.353435,325.48633,LTE,0,,20700,-1,,,
740,2,20700,11381762,-1.2382388,-78.6272629,-88,1679764191779,2.1,7.5184913,325.47165,LTE,0,,20700,-1,,,
740,2,20700,11381762,-1.2379765,-78.6274285,-88,1679764196795,2.1,6.016601,322.5552,LTE,0,,20700,-1,,,
740,2,20700,11381762,-1.2378222,-78.6275161,-88,1679764201792,2.3,2.7552645,330.31726,LTE,0,,20700,-1,,,
740,2,20700,11381762,-1.2375841,-78.6276755,-88,1679764211777,2.2,5.8901057,324.44174,LTE,0,,20700,-1,,,
740,2,20700,11381762,-1.2372834,-78.6278932,-88,1679764216789,2.3,6.7378683,322.87082,LTE,0,,20700,-1,,,
740,2,20700,11381762,-1.2371699,-78.627975,-88,1679764221770,2.2,3.845752,318.84204,LTE,0,,20700,-1,,,
740,2,20700,11381762,-1.2370335,-78.6280952,-88,1679764226778,2.3,4.6399555,320.1158,LTE,0,,20700,-1,,,
740,2,20700,11381762,-1.236905,-78.628164,-88,1679764231768,2.4,2.4222164,329.7021,LTE,0,,20700,-1,,,
740,2,20700,11381762,-1.2367628,-78.6282749,-88,1679764241775,2.5,2.9587812,324.249,LTE,0,,20700,-1,,,
740,2,20700,11381762,-1.2365937,-78.6284226,-88,1679764246785,2.3,4.387313,319.29126,LTE,0,,20700,-1,,,
740,2,20700,11381762,-1.2363283,-78.6286047,-88,1679764286781,1.9,4.6963406,307.5355,LTE,0,,20700,-1,,,
740,2,20700,11381762,-1.2386217,-78.6306048,-88,1679764344775,2.4,5.9091525,216.70761,LTE,0,,20700,-1,,,
740,2,20700,11381762,-1.2387441,-78.6305664,-88,1679764349320,4.0,2.2620783,153.86507,LTE,0,,20700,-1,,,
740,2,20700,11381762,-1.2389757,-78.6303936,-88,1679764354770,3.4,5.3144646,143.62006,LTE,0,,20700,-1,,,
740,2,20700,11381762,-1.2391617,-78.6302316,-88,1679764359766,2.4,5.3797746,138.84764,LTE,0,,20700,-1,,,
740,2,20700,11381762,-1.2393446,-78.6300151,-88,1679764364782,2.7,6.0259852,136.63037,LTE,0,,20700,-1,,,
740,2,20700,11381762,-1.2394978,-78.6298282,-88,1679764369784,2.7,5.662636,138.62636,LTE,0,,20700,-1,,,
740,2,20700,11381762,-1.2396896,-78.62968,-88,1679764374766,2.7,3.947625,140.58755,LTE,0,,20700,-1,,,
740,2,20700,11381762,-1.2398042,-78.62963,-88,1679764379784,2.6,4.3016114,147.37859,LTE,0,,20700,-1,,,
740,2,20700,11381762,-1.2401109,-78.6294249,-88,1679764384775,2.5,8.072817,146.47325,LTE,0,,20700,-1,,,
740,2,20700,11381762,-1.2403609,-78.6292392,-88,1679764389796,2.2,5.4337068,145.06389,LTE,0,,20700,-1,,,
740,2,20700,11381762,-1.2405199,-78.6291686,-88,1679764399741,6.2,1.5368081,185.34703,LTE,0,,20700,-1,,,
740,2,20700,11381762,-1.2406983,-78.6290519,-88,1679764404250,3.9,4.4586124,146.6874,LTE,0,,20700,-1,,,
740,2,20700,11381762,-1.2408409,-78.6288811,-88,1679764408765,3.2,5.075423,136.40819,LTE,0,,20700,-1,,,
740,2,20700,11381762,-1.2409374,-78.628805,-88,1679764413299,4.3,2.5714383,144.15779,LTE,0,,20700,-1,,,
740,2,20700,11381762,-1.2410379,-78.6287769,-88,1679764462762,4.3,0.07187959,-2000.0,LTE,0,,20700,-1,,,
740,2,20700,11381762,-1.2410918,-78.6286499,-88,1679764501789,2.2,1.8901591,146.03575,LTE,0,,20700,-1,,,
740,2,20700,11381762,-1.2412473,-78.6285528,-88,1679764506800,2.3,2.4193215,142.22849,LTE,0,,20700,-1,,,
740,2,20700,11381762,-1.2413921,-78.6284537,-88,1679764525797,2.7,0.3729869,153.68285,LTE,0,,20700,-1,,,
740,2,20700,11381762,-1.241468,-78.6283808,-88,1679764560766,2.4,0.22209732,140.87033,LTE,0,,20700,-1,,,
740,2,20700,11381762,-1.2416453,-78.6282966,-88,1679764575780,2.4,1.945406,172.04207,LTE,0,,20700,-1,,,
740,2,20700,11381762,-1.2416401,-78.6281728,-88,1679764595717,4.4,0.05858942,-2000.0,LTE,0,,20700,-1,,,
740,2,20700,11381762,-1.2417239,-78.6280853,-88,1679764600790,2.5,2.7441823,144.44386,LTE,0,,20700,-1,,,
740,2,20700,11381762,-1.2418738,-78.6279984,-88,1679764605773,2.6,4.79143,140.27132,LTE,0,,20700,-1,,,
740,2,20700,11381762,-1.2420124,-78.6278477,-88,1679764610784,2.3,2.3565311,147.09703,LTE,0,,20700,-1,,,
740,2,20700,11381762,-1.2420779,-78.6277797,-88,1679764620799,2.3,0.0032025354,-2000.0,LTE,0,,20700,-1,,,
740,2,20700,11381762,-1.2421629,-78.6278138,-88,1679764630792,2.7,0.0034282824,-2000.0,LTE,0,,20700,-1,,,
740,2,20700,11381762,-1.2422581,-78.6278146,-88,1679764675787,2.1,1.2834074,130.5339,LTE,0,,20700,-1,,,
740,2,20700,11381762,-1.2423875,-78.627656,-88,1679764680801,2.5,4.260912,132.65451,LTE,0,,20700,-1,,,
740,2,20700,11381762,-1.2426046,-78.6274485,-88,1679764685773,2.8,6.518411,138.40823,LTE,0,,20700,-1,,,
740,2,20700,11381762,-1.2428311,-78.6272015,-88,1679764690782,3.4,7.016421,131.75972,LTE,0,,20700,-1,,,
740,2,20700,11381762,-1.2429094,-78.627139,-88,1679764695788,4.1,2.5139327,141.99992,LTE,0,,20700,-1,,,
740,2,20700,11381762,-1.2428806,-78.6272776,-88,1679764705778,4.0,0.99550503,260.1955,LTE,0,,20700,-1,,,
740,2,20700,11381762,-1.242782,-78.627211,-88,1679764730784,4.2,0.14665145,79.303345,LTE,0,,20700,-1,,,
740,2,20700,11381762,-1.2427983,-78.627105,-88,1679764745789,3.1,6.26785E-4,-2000.0,LTE,0,,20700,-1,,,
740,2,20700,11381762,-1.2428797,-78.6270321,-88,1679764755786,3.4,0.92383456,134.92908,LTE,0,,20700,-1,,,
740,2,20700,11381762,-1.2429317,-78.6271057,-88,1679764765793,3.4,1.6133167,221.07932,LTE,0,,20700,-1,,,
740,2,20700,11381762,-1.2431054,-78.6268791,-88,1679764780790,3.4,5.536641,142.93843,LTE,0,,20700,-1,,,
740,2,20700,11381762,-1.2433769,-78.626722,-88,1679764785760,2.3,5.529715,151.75075,LTE,0,,20700,-1,,,
740,2,20700,11381762,-1.2435137,-78.6266801,-88,1679764790788,2.7,3.255639,159.15273,LTE,0,,20700,-1,,,
740,2,20700,11381762,-1.2435049,-78.6265501,-88,1679764830790,2.7,8.407268E-4,-2000.0,LTE,0,,20700,-1,,,
740,2,20700,11381762,-1.243632,-78.6264869,-88,1679764870792,2.2,2.3632882,145.71805,LTE,0,,20700,-1,,,
740,2,20700,11381762,-1.2437498,-78.62636,-88,1679764875800,2.1,3.672257,134.04887,LTE,0,,20700,-1,,,
740,2,20700,11381762,-1.2432366,-78.6258328,-88,1679765485795,2.1,5.305325,314.82547,LTE,0,,20700,-1,,,
740,2,20700,11381762,-1.2430384,-78.6260114,-88,1679765490762,2.0,6.4272256,312.89505,LTE,0,,20700,-1,,,
740,2,20700,11381762,-1.2428321,-78.6261992,-88,1679765495770,2.1,5.957497,321.82315,LTE,0,,20700,-1,,,
740,2,20700,11381762,-1.2426045,-78.6263462,-88,1679765500780,2.0,6.1711464,324.11526,LTE,0,,20700,-1,,,
740,2,20700,11381762,-1.2423724,-78.6265346,-88,1679765505762,2.1,6.0010743,317.7447,LTE,0,,20700,-1,,,
740,2,20700,11381762,-1.2421406,-78.6266414,-88,1679765510771,2.4,5.9537983,330.34473,LTE,0,,20700,-1,,,
740,2,20700,11381762,-1.2419134,-78.6267797,-88,1679765515789,2.4,4.506935,328.8837,LTE,0,,20700,-1,,,
740,2,20700,11381762,-1.2418346,-78.626876,-88,1679765575775,2.3,3.8348925,313.60754,LTE,0,,20700,-1,,,
740,2,20700,11381762,-1.2417191,-78.6270254,-88,1679765580772,2.3,2.429434,310.9295,LTE,0,,20700,-1,,,
740,2,20700,11381762,-1.2415991,-78.6271185,-88,1679765590758,2.1,0.005765663,-2000.0,LTE,0,,20700,-1,,,
740,2,20700,11381762,-1.2415343,-78.6271902,-88,1679765605798,2.5,1.6284072,315.1673,LTE,0,,20700,-1,,,
740,2,20700,11381762,-1.2413793,-78.6272849,-88,1679765615784,2.6,2.2242436,323.9459,LTE,0,,20700,-1,,,
740,2,20700,11381762,-1.2413221,-78.627363,-88,1679765669788,3.9,0.2875899,321.95587,LTE,0,,20700,-1,,,
740,2,20700,11381762,-1.241243,-78.6274521,-88,1679765674785,4.0,1.7028117,320.91666,LTE,0,,20700,-1,,,
740,2,20700,11381762,-1.2411401,-78.6275103,-88,1679765679777,2.6,2.6708229,318.42087,LTE,0,,20700,-1,,,
740,2,20700,11381762,-1.2410275,-78.6276374,-88,1679765684779,2.4,3.7562304,320.96915,LTE,0,,20700,-1,,,
740,2,20700,11381762,-1.2408383,-78.6277579,-88,1679765689786,2.6,5.577984,328.93076,LTE,0,,20700,-1,,,
740,2,20700,11381762,-1.2406721,-78.6278984,-88,1679765694769,2.8,4.3947835,326.5418,LTE,0,,20700,-1,,,
740,2,20700,11381762,-1.2405735,-78.6279627,-88,1679765699776,3.3,2.4960759,333.74265,LTE,0,,20700,-1,,,
740,2,20700,11381762,-1.2405091,-78.6280472,-88,1679765704791,3.0,2.807406,347.5747,LTE,0,,20700,-1,,,
740,2,20700,11381762,-1.240423,-78.6280865,-88,1679765709774,2.9,1.3541502,358.80518,LTE,0,,20700,-1,,,
740,2,20700,11381762,-1.2403426,-78.6282296,-88,1679765714767,3.1,2.9907744,294.25272,LTE,0,,20700,-1,,,
740,2,20700,11381762,-1.2403268,-78.6283855,-88,1679765719769,3.1,3.1101158,268.21323,LTE,0,,20700,-1,,,
740,2,20700,11381762,-1.2402042,-78.6283982,-88,1679765724774,3.4,1.2937149,289.96747,LTE,0,,20700,-1,,,
740,2,20700,11381762,-1.2400832,-78.6283756,-88,1679765729798,3.4,2.332704,0.4455101,LTE,0,,20700,-1,,,
740,2,20700,11381762,-1.2399182,-78.6285054,-88,1679765784775,3.5,3.2050943,336.1357,LTE,0,,20700,-1,,,
740,2,20700,11381762,-1.2397678,-78.6286632,-88,1679765789768,2.7,5.442292,327.83676,LTE,0,,20700,-1,,,
740,2,20700,11381762,-1.2396265,-78.6288313,-88,1679765794781,2.8,4.557229,320.292,LTE,0,,20700,-1,,,
740,2,20700,11381762,-1.239491,-78.6289631,-88,1679765799772,2.7,3.5842414,319.79156,LTE,0,,20700,-1,,,
740,2,20700,11381762,-1.2393596,-78.6290383,-88,1679765804765,2.6,1.8251418,347.82816,LTE,0,,20700,-1,,,
740,2,20700,11381762,-1.2392296,-78.6291425,-88,1679765814186,3.8,3.005505,324.69803,LTE,0,,20700,-1,,,
740,2,20700,11381762,-1.2390917,-78.6292995,-88,1679765818795,2.9,5.4245195,314.52634,LTE,0,,20700,-1,,,
740,2,20700,11381762,-1.2389432,-78.6294143,-88,1679765823313,4.0,4.3127437,321.4645,LTE,0,,20700,-1,,,
740,2,20700,11381762,-1.2388396,-78.6294956,-88,1679765827823,4.2,4.095709,314.68304,LTE,0,,20700,-1,,,
740,2,20700,11381762,-1.2385591,-78.6296927,-88,1679765832799,2.6,7.441303,321.4805,LTE,0,,20700,-1,,,
740,2,20700,11381762,-1.2382666,-78.6299184,-88,1679765837770,2.4,7.8835344,319.74686,LTE,0,,20700,-1,,,
740,2,20700,11381762,-1.2380834,-78.630089,-88,1679765842774,2.4,4.533045,320.34338,LTE,0,,20700,-1,,,
740,2,20700,11379201,-1.2392269,-78.6275075,-108,1679766083770,2.5,3.3966484,55.21895,LTE,0,,20700,30,,,
740,2,20700,11379201,-1.2391437,-78.6273594,-106,1679766088759,2.7,2.7563531,70.61677,LTE,0,,20700,-1,,,
740,2,20700,11150345,-1.2391921,-78.6272154,-99,1679766093768,2.8,3.5923462,107.7826,LTE,0,,20700,197,,,
740,2,20700,11150345,-1.2392629,-78.6271006,-102,1679766098768,2.6,1.3499786,90.92591,LTE,0,,20700,197,,,
740,2,20700,11155209,-1.2393542,-78.6271598,-97,1679766108768,2.4,0.2605741,266.15533,LTE,0,,20700,470,,,
740,2,20700,11150345,-1.2393598,-78.6271339,-102,1679766113795,2.5,0.0074477405,-2000.0,LTE,0,,20700,197,,,
740,2,20700,11155209,-1.23936,-78.6271333,-104,1679766143775,2.4,1.0864378E-19,-2000.0,LTE,0,,20700,470,,,
740,2,20700,11150345,-1.23936,-78.6271333,-100,1679766148774,2.6,4.217301E-21,-2000.0,LTE,0,,20700,197,,,
740,2,20700,11150345,-1.2394469,-78.6270714,-97,1679766163792,2.5,0.03714127,-2000.0,LTE,0,,20700,197,,,
740,2,20700,11155209,-1.2395135,-78.6270991,-91,1679766233761,2.0,0.022006828,-2000.0,LTE,0,,20700,-1,,,
740,2,20700,11150345,-1.2395383,-78.627095,-102,1679766293769,3.9,9.36356E-16,-2000.0,LTE,0,,20700,197,,,
740,2,20700,11150345,-1.2396163,-78.6269672,-97,1679766303795,4.1,0.43426406,155.41463,LTE,0,,20700,197,,,
740,2,20700,11150345,-1.2397327,-78.6269204,-89,1679766328763,3.4,1.7354127,187.62834,LTE,0,,20700,197,,,
740,2,20700,11150345,-1.2397749,-78.6270127,-97,1679766348773,3.1,0.09372882,-2000.0,LTE,0,,20700,197,,,
740,2,20700,11150345,-1.2399143,-78.627072,-90,1679766358758,3.3,2.6345897,198.38017,LTE,0,,20700,197,,,
740,2,20700,11150345,-1.2400214,-78.6270439,-88,1679766363760,3.3,1.1435292,180.06177,LTE,0,,20700,197,,,
740,2,20700,11150345,-1.2399306,-78.6270011,-90,1679766373760,1.9,0.01840941,-2000.0,LTE,0,,20700,197,,,
740,2,20700,11150345,-1.2398374,-78.6269528,-97,1679766378762,2.4,2.2127192,29.516499,LTE,0,,20700,197,,,
740,2,20700,11150345,-1.2398841,-78.6268595,-97,1679766398761,2.7,0.074583426,-2000.0,LTE,0,,20700,197,,,
740,2,20700,11150345,-1.239994,-78.6267711,-95,1679766418780,2.7,1.479398,139.58685,LTE,0,,20700,197,,,
740,2,20700,11155209,-1.2399806,-78.6267299,-94,1679766423763,2.6,0.09309888,-2000.0,LTE,0,,20700,470,,,
740,2,20700,11150345,-1.2400685,-78.6266139,-97,1679766478766,2.3,1.0486416,133.29079,LTE,0,,20700,197,,,
740,2,20700,11150345,-1.2402162,-78.6265285,-90,1679766493759,2.7,2.6387548,144.1029,LTE,0,,20700,197,,,
740,2,20700,11150345,-1.2403112,-78.6264679,-92,1679766498768,2.6,0.24581301,178.28787,LTE,0,,20700,197,,,
740,2,20700,11150345,-1.2404213,-78.6264988,-98,1679766513763,3.0,0.2436542,178.66386,LTE,0,,20700,197,,,
740,2,20700,11150345,-1.2404869,-78.626396,-93,1679766528768,2.4,0.58186835,140.63261,LTE,0,,20700,197,,,
740,2,20700,11150345,-1.2405126,-78.6263039,-90,1679766543775,3.0,0.11467632,101.6162,LTE,0,,20700,197,,,
740,2,20700,11150345,-1.2406045,-78.6262522,-88,1679766553754,3.4,0.52032447,161.86838,LTE,0,,20700,197,,,
740,2,20700,11150345,-1.2405077,-78.6263222,-94,1679766578772,2.9,0.45979664,358.49753,LTE,0,,20700,197,,,
740,2,20700,11150345,-1.2405936,-78.6262468,-89,1679766588756,3.0,1.3734171,108.66713,LTE,0,,20700,197,,,
740,2,20700,11150345,-1.2407678,-78.6261938,-89,1679766598496,5.7,2.219745,132.20695,LTE,0,,20700,197,,,
740,2,20700,11150345,-1.2408703,-78.6260613,-91,1679766603762,4.5,3.1178741,129.57506,LTE,0,,20700,197,,,
740,2,20700,11150345,-1.240947,-78.6259846,-92,1679766608312,4.2,0.9016736,131.45149,LTE,0,,20700,197,,,
740,2,20700,11150345,-1.2410945,-78.6259853,-95,1679766628758,3.9,0.5694201,180.04805,LTE,0,,20700,197,,,
740,2,20700,11150345,-1.2411903,-78.6259611,-92,1679766648759,3.0,0.0879997,-2000.0,LTE,0,,20700,197,,,
740,2,20700,11150345,-1.2412913,-78.6259209,-92,1679766658758,2.9,0.49299055,161.23694,LTE,0,,20700,197,,,
740,2,20700,11150345,-1.2413497,-78.6258203,-91,1679766668767,3.4,0.10497418,148.53526,LTE,0,,20700,197,,,
740,2,20700,11150345,-1.2414797,-78.6257868,-84,1679766698765,3.4,1.0524305,148.55612,LTE,0,,20700,197,,,
740,2,20700,11150345,-1.2415876,-78.6257007,-82,1679766713393,4.4,0.52890974,42.311306,LTE,0,,20700,197,,,
740,2,20700,11150345,-1.2416095,-78.6255874,-85,1679766718405,7.2,1.5124142,99.418365,LTE,0,,20700,197,,,
740,2,20700,11150345,-1.2416877,-78.6254256,-90,1679766727424,4.0,3.8067691,126.542625,LTE,0,,20700,197,,,
740,2,20700,11150345,-1.2418573,-78.6252921,-88,1679766732436,4.5,3.534415,138.37689,LTE,0,,20700,197,,,
740,2,20700,11150345,-1.2419582,-78.6253429,-87,1679766772764,2.8,1.9678904,149.6188,LTE,0,,20700,197,,,
740,2,20700,11150345,-1.2423063,-78.6249722,-98,1679766781884,4.6,6.271796,132.8649,LTE,0,,20700,197,,,
740,2,20700,11145735,-1.2424043,-78.6248907,-93,1679766791405,3.4,0.018534163,-2000.0,LTE,0,,20700,478,,,
740,2,20700,11379202,-1.244127,-78.6270076,-102,1679766942788,2.6,2.9404542,231.23505,LTE,0,,20700,31,,,
740,2,20700,11379202,-1.2441805,-78.6271072,-102,1679766947508,3.4,2.400135,266.78305,LTE,0,,20700,31,,,
740,2,20700,11379202,-1.2440206,-78.6270771,-102,1679766952518,5.1,3.4173205,357.47635,LTE,0,,20700,31,,,
740,2,20700,11379202,-1.2437141,-78.6272551,-96,1679766957028,5.3,6.536968,324.65665,LTE,0,,20700,31,,,
740,2,20700,11379202,-1.2434993,-78.6273652,-98,1679766961804,4.9,5.7065105,333.0609,LTE,0,,20700,31,,,
740,2,20700,11379202,-1.2434837,-78.6274694,-98,1679766966793,3.2,1.2975458,301.5153,LTE,0,,20700,31,,,
740,2,20700,11379202,-1.2435411,-78.6275609,-93,1679766981778,3.3,0.029471027,-2000.0,LTE,0,,20700,31,,,
740,2,20700,11379202,-1.2435581,-78.6276663,-97,1679766991767,3.1,0.55564463,300.95023,LTE,0,,20700,31,,,
740,2,20700,11379202,-1.2432798,-78.6278188,-98,1679767000920,4.9,4.6682453,327.61752,LTE,0,,20700,31,,,
740,2,20700,11379202,-1.2430834,-78.6279819,-98,1679767005431,5.3,5.441282,322.59702,LTE,0,,20700,31,,,
740,2,20700,11379202,-1.2428574,-78.628208,-93,1679767010792,4.2,4.7555766,324.29358,LTE,0,,20700,31,,,
740,2,20700,11379202,-1.2427555,-78.6282461,-98,1679767015327,4.3,1.6701125,346.40018,LTE,0,,20700,31,,,
740,2,20700,11379202,-1.2426337,-78.6283324,-98,1679767025350,4.1,1.7667017,335.2593,LTE,0,,20700,31,,,
740,2,20700,11379201,-1.2425773,-78.6283433,-95,1679767030360,4.6,0.38556153,0.4479322,LTE,0,,20700,30,,,
740,2,20700,11379201,-1.2425627,-78.6284382,-92,1679767045759,3.2,0.23214336,270.7533,LTE,0,,20700,30,,,
740,2,20700,11379201,-1.2424758,-78.6283779,-96,1679767064876,4.6,3.7434904E-5,-2000.0,LTE,0,,20700,30,,,
740,2,20700,11379201,-1.2423739,-78.6285841,-94,1679767099352,4.9,2.2624557,290.976,LTE,0,,20700,30,,,
740,2,20700,11379201,-1.2423061,-78.6286731,-93,1679767103862,4.8,2.1576736,299.42032,LTE,0,,20700,30,,,
740,2,20700,11379201,-1.2421408,-78.6288644,-80,1679767113383,4.4,1.4528203,344.2489,LTE,0,,20700,-1,,,
740,2,20700,11379201,-1.2419888,-78.6289791,-81,1679767123406,4.0,2.322333,328.24725,LTE,0,,20700,-1,,,
740,2,20700,11379201,-1.2418682,-78.6290472,-86,1679767178527,2.4,2.118132,323.31805,LTE,0,,20700,-1,,,
740,2,20700,11379201,-1.2417588,-78.6291441,-88,1679767183538,3.7,2.8874505,321.33707,LTE,0,,20700,-1,,,
740,2,20700,11379201,-1.2416561,-78.6292368,-98,1679767188549,3.7,3.0099792,326.45,LTE,0,,20700,-1,,,
740,2,20700,11379201,-1.2415084,-78.6293648,-98,1679767193560,3.9,4.311875,317.7138,LTE,0,,20700,-1,,,
740,2,20700,11379201,-1.2413579,-78.6294798,-98,1679767198070,4.3,4.7951856,322.54514,LTE,0,,20700,-1,,,
740,2,20700,11379201,-1.2411784,-78.6295657,-98,1679767202760,4.3,4.917589,323.65262,LTE,0,,20700,-1,,,
740,2,20700,11379201,-1.2409801,-78.6297375,-105,1679767207756,3.0,5.488495,319.43524,LTE,0,,20700,-1,,,
740,2,20700,11379201,-1.2408034,-78.6298832,-105,1679767212763,4.6,5.04442,323.03568,LTE,0,,20700,-1,,,
740,2,20700,11379201,-1.2406682,-78.6300573,-105,1679767217293,3.4,2.8086712,290.62897,LTE,0,,20700,-1,,,
740,2,20700,11379201,-1.2405265,-78.6301876,-108,1679767222304,4.6,3.8384016,320.9434,LTE,0,,20700,-1,,,
740,2,20700,11379201,-1.2403933,-78.6302961,-108,1679767226815,4.5,3.4095938,318.479,LTE,0,,20700,-1,,,
740,2,20700,11379201,-1.2402488,-78.6304387,-106,1679767231763,3.7,6.104949,311.4494,LTE,0,,20700,-1,,,
740,2,20700,11386369,-1.2400592,-78.6306817,-104,1679767236767,2.6,6.1625133,309.00815,LTE,0,,20700,39,,,
740,2,20700,11386369,-1.2398031,-78.630728,-100,1679767241785,2.6,5.1693015,342.97513,LTE,0,,20700,39,,,
740,2,20700,11386369,-1.2394381,-78.6308701,-96,1679767246765,2.6,6.884498,341.1492,LTE,0,,20700,39,,,
740,2,20700,11379201,-1.2408691,-78.6307992,-108,1679767358765,2.2,2.7215362,229.7863,LTE,0,,20700,30,,,
740,2,20700,11379203,-1.2409706,-78.630787,-105,1679767363766,2.1,3.4693618,151.18497,LTE,0,,20700,32,,,
740,2,20700,11379203,-1.2411476,-78.6306616,-97,1679767368787,2.1,5.8198066,141.16957,LTE,0,,20700,32,,,
740,2,20700,11379203,-1.2413612,-78.6305001,-97,1679767373765,2.5,5.774812,144.05975,LTE,0,,20700,32,,,
740,2,20700,11379201,-1.2414532,-78.6304519,-97,1679767383772,2.6,0.80140495,169.41968,LTE,0,,20700,-1,,,
740,2,20700,11379201,-1.2415236,-78.6303857,-98,1679767388794,2.6,2.649148,137.93585,LTE,0,,20700,-1,,,
740,2,20700,11379203,-1.241612,-78.6302286,-98,1679767393770,2.7,4.0517735,130.16586,LTE,0,,20700,-1,,,
740,2,20700,11379203,-1.2418304,-78.6300718,-98,1679767398758,2.8,5.1030183,133.8582,LTE,0,,20700,-1,,,
740,2,20700,11379203,-1.2419261,-78.6299613,-95,1679767403764,3.1,3.0293202,124.31913,LTE,0,,20700,-1,,,
740,2,20700,11379203,-1.2420178,-78.6298501,-98,1679767408773,3.3,3.540324,142.49338,LTE,0,,20700,-1,,,
740,2,20700,11379203,-1.2422393,-78.6297749,-96,1679767413760,3.0,4.008157,140.2989,LTE,0,,20700,-1,,,
740,2,20700,11379203,-1.2424055,-78.6295691,-96,1679767418795,2.7,6.4595737,129.87166,LTE,0,,20700,-1,,,
740,2,20700,11379203,-1.2425195,-78.629501,-95,1679767423761,2.8,0.3024648,178.61668,LTE,0,,20700,-1,,,
740,2,20700,11379201,-1.2425083,-78.6295182,-101,1679767428757,2.7,9.211825E-4,-2000.0,LTE,0,,20700,30,,,
740,2,20700,11379203,-1.2425083,-78.6295183,-104,1679767453759,2.5,8.539963E-12,-2000.0,LTE,0,,20700,-1,,,
740,2,20700,11379203,-1.2425312,-78.6294303,-102,1679767472978,4.7,1.7394329,129.20108,LTE,0,,20700,-1,,,
740,2,20700,11379203,-1.2426943,-78.6293036,-102,1679767477487,4.8,4.0193377,145.69254,LTE,0,,20700,-1,,,
740,2,20700,11379202,-1.2429801,-78.6292179,-97,1679767486756,4.5,2.7557714,168.42938,LTE,0,,20700,31,,,
740,2,20700,11379202,-1.2430784,-78.6292246,-95,1679767491773,3.2,1.7644354,180.58449,LTE,0,,20700,31,,,
740,2,20700,11379202,-1.2431516,-78.6291383,-95,1679767496777,3.4,1.9715247,132.22624,LTE,0,,20700,31,,,
740,2,20700,11379202,-1.2431707,-78.6290021,-94,1679767521780,3.6,3.3520439,143.9267,LTE,0,,20700,31,,,
740,2,20700,11379202,-1.2432768,-78.6289229,-93,1679767526764,2.6,2.6924691,125.85456,LTE,0,,20700,31,,,
740,2,20700,11379202,-1.2433767,-78.6289832,-91,1679767541756,3.3,8.559707E-4,-2000.0,LTE,0,,20700,31,,,
740,2,20700,11379202,-1.243284,-78.6289491,-91,1679767546764,3.7,0.5012045,9.594438,LTE,0,,20700,31,,,
740,2,20700,11379202,-1.2433687,-78.6288163,-88,1679767566778,2.7,2.989365,117.140434,LTE,0,,20700,31,,,
740,2,20700,11379202,-1.2437642,-78.6284153,-95,1679767576769,3.1,3.2839012,131.73428,LTE,0,,20700,31,,,
740,2,20700,11379202,-1.2440069,-78.6282372,-95,1679767616787,2.5,5.451781,139.7983,LTE,0,,20700,31,,,
740,2,20700,11379202,-1.2443096,-78.6279837,-93,1679767621795,2.6,6.596744,142.72833,LTE,0,,20700,31,,,
740,2,20700,11379202,-1.2444726,-78.6278492,-88,1679767626773,2.8,2.3253372,131.48834,LTE,0,,20700,31,,,
740,2,20700,11379202,-1.2444848,-78.6279415,-87,1679767651759,3.0,0.016175864,-2000.0,LTE,0,,20700,31,,,
740,2,20700,11379202,-1.2444413,-78.6278193,-89,1679767661772,5.0,0.39697266,90.020935,LTE,0,,20700,31,,,
740,2,20700,11379202,-1.244546,-78.6277592,-86,1679767671756,3.6,1.3419015,135.9875,LTE,0,,20700,31,,,
740,2,20700,11379202,-1.2446932,-78.6276672,-90,1679767676758,2.3,4.154741,139.63286,LTE,0,,20700,31,,,
740,2,20700,11379202,-1.2448105,-78.6276062,-90,1679767681759,2.2,2.5337021,158.08626,LTE,0,,20700,31,,,
740,2,20700,11379202,-1.2453235,-78.6282526,-98,1679767698757,2.5,2.1179438,225.13568,LTE,0,,20700,31,,,
740,2,20700,11379203,-1.2451507,-78.628377,-95,1679767708777,2.4,2.311945,315.6501,LTE,0,,20700,32,,,
740,2,20700,11379202,-1.2451177,-78.6284188,-89,1679767713767,2.5,0.33918932,292.39694,LTE,0,,20700,31,,,
740,2,20700,11379202,-1.2449829,-78.6285197,-95,1679767723367,4.0,2.0522084,321.7549,LTE,0,,20700,31,,,
740,2,20700,11379202,-1.2448433,-78.6286232,-94,1679767727877,4.3,3.1246145,318.0419,LTE,0,,20700,31,,,
740,2,20700,11379202,-1.2447065,-78.6287453,-94,1679767732387,4.3,4.5383053,321.58896,LTE,0,,20700,31,,,
740,2,20700,11379202,-1.2446045,-78.6288639,-96,1679767736897,4.1,3.6363704,308.47455,LTE,0,,20700,31,,,
740,2,20700,11379203,-1.2444388,-78.6290308,-100,1679767741756,3.4,5.064295,316.1115,LTE,0,,20700,32,,,
740,2,20700,11379203,-1.2442072,-78.6291898,-104,1679767786760,2.2,4.1551466,316.18066,LTE,0,,20700,32,,,
740,2,20700,11379203,-1.2440404,-78.6293055,-94,1679767791754,2.2,3.518851,324.96735,LTE,0,,20700,32,,,
740,2,20700,11379203,-1.2438902,-78.6293883,-91,1679767796770,2.1,4.034846,325.3591,LTE,0,,20700,32,,,
740,2,20700,11379203,-1.24377,-78.6295052,-91,1679767801760,2.4,3.0330071,315.3419,LTE,0,,20700,32,,,
740,2,20700,11379203,-1.2437015,-78.629627,-100,1679767811768,4.1,1.6845437,297.56653,LTE,0,,20700,32,,,
740,2,20700,11379203,-1.2436298,-78.6297663,-104,1679767816761,2.9,3.6285834,293.4845,LTE,0,,20700,32,,,
740,2,20700,11379203,-1.2435591,-78.6298452,-102,1679767821764,2.9,2.2373042,314.62204,LTE,0,,20700,32,,,
740,2,20700,11379203,-1.2434662,-78.6298433,-101,1679767826758,2.7,0.5202894,336.52322,LTE,0,,20700,32,,,
740,2,20700,11379203,-1.2433044,-78.6299557,-89,1679767841762,2.2,2.0221357,293.10797,LTE,0,,20700,32,,,
740,2,20700,11379203,-1.2430804,-78.629901,-89,1679767851766,2.9,2.5578358,29.502344,LTE,0,,20700,32,,,
740,2,20700,11379203,-1.2429538,-78.6298598,-107,1679767856755,3.5,2.3727303,16.30025,LTE,0,,20700,32,,,
740,2,20700,11379203,-1.2430889,-78.6300084,-104,1679767876764,3.2,0.22001348,187.75891,LTE,0,,20700,32,,,
740,2,20700,11379203,-1.2430707,-78.6301264,-101,1679767891757,2.8,2.4244118,311.66974,LTE,0,,20700,32,,,
740,2,20700,11379203,-1.2429912,-78.6301881,-99,1679767896764,4.6,0.8113232,315.1484,LTE,0,,20700,32,,,
740,2,20700,11379203,-1.242856,-78.6301901,-98,1679767906288,4.2,2.400592,324.99167,LTE,0,,20700,32,,,
740,2,20700,11379203,-1.2426825,-78.6303092,-97,1679767911299,5.2,4.0044303,323.3391,LTE,0,,20700,32,,,
740,2,20700,11379203,-1.2425321,-78.6305294,-97,1679767916761,4.0,6.9463086,310.34195,LTE,0,,20700,32,,,
740,2,20700,11379203,-1.2422778,-78.6307833,-112,1679767921756,3.0,6.667789,317.38647,LTE,0,,20700,32,,,
740,2,20700,11379203,-1.2421519,-78.6308536,-111,1679767926760,3.0,2.7860308,325.84393,LTE,0,,20700,32,,,
740,2,20700,11379203,-1.2420403,-78.6309229,-110,1679767936760,2.7,0.22180986,335.9786,LTE,0,,20700,32,,,
740,2,20700,11379203,-1.2415165,-78.6314022,-111,1679768128795,5.0,4.6146674,215.4968,LTE,0,,20700,32,,,
740,2,20700,11379203,-1.2418232,-78.6312901,-108,1679768138769,2.9,4.9650993,150.8925,LTE,0,,20700,32,,,
740,2,20700,11379203,-1.242045,-78.6311512,-108,1679768143766,2.9,4.6781254,147.35559,LTE,0,,20700,32,,,
740,2,20700,11379203,-1.2426253,-78.6315701,-102,1679768171873,4.1,2.3918889,221.55646,LTE,0,,20700,32,,,
740,2,20700,11379203,-1.2429119,-78.6314145,-105,1679768181395,4.7,5.6280446,141.64177,LTE,0,,20700,32,,,
740,2,20700,11379203,-1.2431768,-78.6311631,-102,1679768186775,3.3,5.7435637,135.45619,LTE,0,,20700,32,,,
740,2,20700,11379203,-1.2432744,-78.6310195,-102,1679768191776,2.9,3.7310681,124.59802,LTE,0,,20700,32,,,
740,2,20700,11379203,-1.2433069,-78.6309046,-102,1679768196782,2.9,2.761851,110.52528,LTE,0,,20700,32,,,
740,2,20700,11379203,-1.243566,-78.6306968,-104,1679768201763,3.3,6.8347607,140.03398,LTE,0,,20700,32,,,
740,2,20700,11379203,-1.2439263,-78.6305566,-99,1679768206772,3.1,7.154364,156.33089,LTE,0,,20700,32,,,
740,2,20700,11379203,-1.2440838,-78.6304478,-96,1679768221303,3.2,3.5443468,160.60579,LTE,0,,20700,32,,,
740,2,20700,11379203,-1.2443346,-78.6302845,-91,1679768225813,4.7,6.292846,142.91743,LTE,0,,20700,32,,,
740,2,20700,11379203,-1.2444922,-78.6301611,-94,1679768230323,5.1,3.6478794,137.96443,LTE,0,,20700,32,,,
740,2,20700,11379203,-1.2445873,-78.630077,-93,1679768275775,2.5,3.005275,139.26657,LTE,0,,20700,32,,,
740,2,20700,11379203,-1.244673,-78.629959,-91,1679768280314,3.7,3.2502174,112.728806,LTE,0,,20700,32,,,
740,2,20700,11379203,-1.2448755,-78.6297644,-94,1679768284825,5.1,6.674675,137.20784,LTE,0,,20700,32,,,
740,2,20700,11379203,-1.245147,-78.6296016,-81,1679768289334,5.0,7.3341007,147.97449,LTE,0,,20700,32,,,
740,2,20700,11379203,-1.2452138,-78.6295135,-87,1679768294315,4.7,1.5427953,327.12143,LTE,0,,20700,32,,,
740,2,20700,11379203,-1.2453748,-78.6293654,-93,1679768298825,4.8,6.0224085,138.04477,LTE,0,,20700,32,,,
740,2,20700,11379203,-1.2454874,-78.6291866,-93,1679768303797,4.7,3.2521577,129.30399,LTE,0,,20700,32,,,
740,2,20700,11379203,-1.2456104,-78.6291239,-98,1679768308307,4.7,2.108082,165.32738,LTE,0,,20700,32,,,
740,2,20700,11379203,-1.2463084,-78.6293961,-92,1679768343485,4.0,0.95115864,217.76855,LTE,0,,20700,32,,,
740,2,20700,11379203,-1.2462163,-78.6294761,-92,1679768348497,3.8,2.975264,298.59882,LTE,0,,20700,32,,,
740,2,20700,11379203,-1.2459506,-78.62975,-102,1679768353778,4.1,7.1191444,314.61652,LTE,0,,20700,32,,,
740,2,20700,11379203,-1.2456921,-78.629949,-99,1679768358766,2.3,5.9816175,313.36346,LTE,0,,20700,32,,,
740,2,20700,11379203,-1.245601,-78.630066,-92,1679768363330,4.0,2.1475568,302.64474,LTE,0,,20700,32,,,
740,2,20700,11379203,-1.2454774,-78.6301445,-96,1679768367840,3.9,4.5085483,333.21365,LTE,0,,20700,32,,,
740,2,20700,11379203,-1.2452502,-78.6302762,-96,1679768372350,4.2,5.1245723,331.65173,LTE,0,,20700,32,,,
740,2,20700,11379203,-1.2451043,-78.6303571,-94,1679768376861,4.4,3.0128038,334.37402,LTE,0,,20700,32,,,
740,2,20700,11379203,-1.2450372,-78.6304708,-88,1679768381371,4.0,3.2610838,320.519,LTE,0,,20700,32,,,
740,2,20700,11379203,-1.2447629,-78.6306904,-96,1679768386767,3.6,7.3480234,324.42102,LTE,0,,20700,32,,,
740,2,20700,11379203,-1.2445538,-78.6308737,-97,1679768391312,3.2,5.515583,310.54514,LTE,0,,20700,32,,,
740,2,20700,11379203,-1.2444705,-78.6310387,-95,1679768396323,4.1,3.5051968,300.42734,LTE,0,,20700,32,,,
740,2,20700,11382018,-1.2444393,-78.6315452,-104,1679768406846,2.4,5.126774,277.5418,LTE,0,,20700,37,,,
740,2,20700,11382018,-1.2445425,-78.6316196,-101,1679768411413,4.3,2.3672135,192.40218,LTE,0,,20700,37,,,
740,2,20700,11379203,-1.2446638,-78.6315021,-103,1679768415924,3.8,3.0196166,138.35924,LTE,0,,20700,32,,,
740,2,20700,11379203,-1.2447971,-78.6313423,-92,1679768420433,4.4,3.7833385,121.21427,LTE,0,,20700,32,,,
740,2,20700,11379203,-1.2450008,-78.6310788,-93,1679768425767,3.8,5.772988,128.54013,LTE,0,,20700,32,,,
740,2,20700,11379203,-1.2451212,-78.6309803,-93,1679768430300,3.8,1.8328336,137.57924,LTE,0,,20700,32,,,
740,2,20700,11379203,-1.2453718,-78.6308616,-91,1679768465791,2.2,5.831466,138.87564,LTE,0,,20700,32,,,
740,2,20700,11379203,-1.2456312,-78.6305741,-90,1679768470803,2.0,7.229439,129.57773,LTE,0,,20700,32,,,
740,2,20700,11379203,-1.2457928,-78.6303965,-98,1679768475751,2.1,3.9240158,134.52945,LTE,0,,20700,32,,,
740,2,20700,11379203,-1.245936,-78.6302964,-91,1679768485769,2.5,2.056818,164.04822,LTE,0,,20700,32,,,
740,2,20700,11379203,-1.2461771,-78.6300378,-92,1679768490781,3.6,7.2292957,137.42018,LTE,0,,20700,32,,,
740,2,20700,11379203,-1.2464613,-78.6297527,-98,1679768495793,2.6,7.043544,134.60359,LTE,0,,20700,32,,,
740,2,20700,11379203,-1.2445105,-78.631582,-100,1679768569414,3.3,4.1133842,217.88257,LTE,0,,20700,32,,,
740,2,20700,11382018,-1.2444772,-78.6316516,-102,1679768574426,3.4,0.38896155,270.6211,LTE,0,,20700,37,,,
740,2,20700,11379203,-1.2443951,-78.6317601,-100,1679768578934,3.5,3.3596756,308.979,LTE,0,,20700,32,,,
740,2,20700,11379203,-1.2443361,-78.6319255,-92,1679768583445,3.7,3.994843,284.91302,LTE,0,,20700,32,,,
740,2,20700,11382018,-1.2442085,-78.6319459,-95,1679768588456,3.7,3.566293,1.1734759,LTE,0,,20700,37,,,
740,2,20700,11382018,-1.2439572,-78.6320681,-101,1679768593766,3.0,6.4514365,330.1296,LTE,0,,20700,37,,,
740,2,20700,11382018,-1.2436189,-78.6324245,-102,1679768598785,2.3,9.372392,314.95898,LTE,0,,20700,37,,,
740,2,20700,11386370,-1.2433883,-78.6326671,-103,1679768603764,2.1,5.3040376,313.95285,LTE,0,,20700,-1,,,
